{"cameraMode":{"drawMode":0,"name":"Shaded","section":"Shading Mode"},"sceneLighting":true,"audioPlay":false,"sceneViewState":{"m_AlwaysRefresh":false,"showFog":true,"showSkybox":true,"showFlares":true,"showImageEffects":true,"showParticleSystems":true,"showVisualEffectGraphs":true,"m_FxEnabled":true},"in2DMode":false,"pivot":{"x":2.1200685501098635,"y":2.1029655933380129,"z":-10.367799758911133},"rotation":{"x":-0.03030245751142502,"y":-0.012896453030407429,"z":0.00039111115620471537,"w":-0.9994591474533081},"size":0.5488870739936829,"orthographic":false}