{"cameraMode":{"drawMode":0,"name":"Shaded","section":"Shading Mode"},"sceneLighting":false,"audioPlay":false,"sceneViewState":{"m_AlwaysRefresh":false,"showFog":true,"showSkybox":false,"showFlares":true,"showImageEffects":true,"showParticleSystems":true,"showVisualEffectGraphs":true,"m_FxEnabled":true},"in2DMode":false,"pivot":{"x":-0.4315265417098999,"y":1.3522608280181885,"z":0.08393850922584534},"rotation":{"x":-0.0018095303094014526,"y":0.0020972159691154958,"z":-0.0000037979807530064137,"w":-0.9999973177909851},"size":1.469375491142273,"orthographic":false}